quarter,UKE,UKC
1,-15.9852370916994,-2.9232118493161208
